ID,Name,Company
123112,Nguyễn Bá Mạnh,
123113,Nguyễn Bá 1,
123114,Nguyễn Bá B,
123115,Nguyễn Bá C,
123116,Nguyễn Bá D,
123117,Nguyễn Bá E,
123118,Nguyễn Bá F,
123119,Nguyễn Bá G,
123120,Nguyễn Bá H,
123121,Nguyễn Bá I,
123122,Nguyễn Bá K,
123123,Nguyễn Bá M,
123124,Nguyễn Bá L,
123125,Nguyễn Bá Z,
123126,Nguyễn Bá A1,
123127,Nguyễn Bá A2,
123128,Nguyễn Bá A3,
123129,Nguyễn Bá A4,
123130,Nguyễn Bá A5,
123131,Nguyễn Bá A6,
123132,Nguyễn Bá A7,
123133,Nguyễn Bá A8,
123134,Nguyễn Bá A9,
123135,Nguyễn Bá A10,
123136,Nguyễn Bá A11,
123137,Nguyễn Bá A12,
123138,Nguyễn Bá A13,
123139,Nguyễn Bá A14,
123140,Nguyễn Bá A15,
123141,Nguyễn Bá A16,
123142,Nguyễn Bá A17,
123143,Nguyễn Bá A18,
123144,Nguyễn Bá A19,
123145,Nguyễn Bá A20,
123146,Nguyễn Bá A21,
123147,Nguyễn Bá A22,
123148,Nguyễn Bá A23,
123149,Nguyễn Bá A24,
123150,Nguyễn Bá A25,
123151,Nguyễn Bá A26,
123152,Nguyễn Bá A27,
123153,Nguyễn Bá A28,
123154,Nguyễn Bá A29,
123155,Nguyễn Bá A30,
123156,Nguyễn Bá A31,
123157,Nguyễn Bá A32,
123158,Nguyễn Bá A33,
123159,Nguyễn Bá A34,
123160,Nguyễn Bá A35,
123161,Nguyễn Bá A36,
123162,Nguyễn Bá A37,
123163,Nguyễn Bá A38,
123164,Nguyễn Bá A39,
123165,Nguyễn Bá A40,
123166,Nguyễn Bá A41,
123167,Nguyễn Bá A42,
123168,Nguyễn Bá A43,
123169,Nguyễn Bá A44,
123170,Nguyễn Bá A45,
123171,Nguyễn Bá A46,
123172,Nguyễn Bá A47,
123173,Nguyễn Bá A48,
123174,Nguyễn Bá A49,
123175,Nguyễn Bá A50,
123176,Nguyễn Bá A51,
123177,Nguyễn Bá A52,
123178,Nguyễn Bá A53,
123179,Nguyễn Bá A54,
123180,Nguyễn Bá A55,
123181,Nguyễn Bá A56,
123182,Nguyễn Bá A57,
123183,Nguyễn Bá A58,
123184,Nguyễn Bá A59,
123185,Nguyễn Bá A60,
123186,Nguyễn Bá A61,
123187,Nguyễn Bá A62,
123188,Nguyễn Bá A63,
123189,Nguyễn Bá A64,
123190,Nguyễn Bá A65,
123191,Nguyễn Bá A66,
123192,Nguyễn Bá A67,
123193,Nguyễn Bá A68,
123194,Nguyễn Bá A69,
123195,Nguyễn Bá A70,
123196,Nguyễn Bá A71,
123197,Nguyễn Bá A72,
123198,Nguyễn Bá A73,
123199,Nguyễn Bá A74,
123200,Nguyễn Bá A75,
123201,Nguyễn Bá A76,
123202,Nguyễn Bá A77,
123203,Nguyễn Bá A78,
123204,Nguyễn Bá A79,
123205,Nguyễn Bá A80,
123206,Nguyễn Bá A81,
123207,Nguyễn Bá A82,
123208,Nguyễn Bá A83,
123209,Nguyễn Bá A84,
123210,Nguyễn Bá A85,
123211,Nguyễn Bá A86,
123212,Nguyễn Bá A87,
123213,Nguyễn Bá A88,
123214,Nguyễn Bá A89,
123215,Nguyễn Bá A90,
123216,Nguyễn Bá A91,
123217,Nguyễn Bá A92,
123218,Nguyễn Bá A93,
123219,Nguyễn Bá A94,
123220,Nguyễn Bá A95,
123221,Nguyễn Bá A96,
123222,Nguyễn Bá A97,
123223,Nguyễn Bá A98,
123224,Nguyễn Bá A99,
123225,Nguyễn Bá A100,
123226,Nguyễn Bá A101,
123227,Nguyễn Bá A102,
123228,Nguyễn Bá A103,
123229,Nguyễn Bá A104,
123230,Nguyễn Bá A105,
123231,Nguyễn Bá A106,
123232,Nguyễn Bá A107,
123233,Nguyễn Bá A108,
123234,Nguyễn Bá A109,
123235,Nguyễn Bá A110,
123236,Nguyễn Bá A111,
123237,Nguyễn Bá A112,
123238,Nguyễn Bá A113,
123239,Nguyễn Bá A114,
123240,Nguyễn Bá A115,
123241,Nguyễn Bá A116,
123242,Nguyễn Bá A117,
123243,Nguyễn Bá A118,
123244,Nguyễn Bá A119,
123245,Nguyễn Bá A120,
123246,Nguyễn Bá A121,
123247,Nguyễn Bá A122,
123248,Nguyễn Bá A123,
123249,Nguyễn Bá A124,
123250,Nguyễn Bá A125,
123251,Nguyễn Bá A126,
123252,Nguyễn Bá A127,
123253,Nguyễn Bá A128,
123254,Nguyễn Bá A129,
123255,Nguyễn Bá A130,
123256,Nguyễn Bá A131,
123257,Nguyễn Bá A132,
123258,Nguyễn Bá A133,
123259,Nguyễn Bá A134,
123260,Nguyễn Bá A135,
123261,Nguyễn Bá A136,
123262,Nguyễn Bá A137,
123263,Nguyễn Bá A138,
123264,Nguyễn Bá A139,
123265,Nguyễn Bá A140,
123266,Nguyễn Bá A141,
123267,Nguyễn Bá A142,
123268,Nguyễn Bá A143,
123269,Nguyễn Bá A144,
123270,Nguyễn Bá A145,
123271,Nguyễn Bá A146,
123272,Nguyễn Bá A147,
123273,Nguyễn Bá A148,
123274,Nguyễn Bá A149,
123275,Nguyễn Bá A150,
123276,Nguyễn Bá A151,
123277,Nguyễn Bá A152,
123278,Nguyễn Bá A153,
123279,Nguyễn Bá A154,
123280,Nguyễn Bá A155,
123281,Nguyễn Bá A156,
123282,Nguyễn Bá A157,
123283,Nguyễn Bá A158,
123284,Nguyễn Bá A159,
123285,Nguyễn Bá A160,
123286,Nguyễn Bá A161,
123287,Nguyễn Bá A162,
123288,Nguyễn Bá A163,
123289,Nguyễn Bá A164,
123290,Nguyễn Bá A165,
123291,Nguyễn Bá A166,
123292,Nguyễn Bá A167,
123293,Nguyễn Bá A168,
123294,Nguyễn Bá A169,
123295,Nguyễn Bá A170,
123296,Nguyễn Bá A171,
123297,Nguyễn Bá A172,
123298,Nguyễn Bá A173,
123299,Nguyễn Bá A174,
123300,Nguyễn Bá A175,
123301,Nguyễn Bá A176,
123302,Nguyễn Bá A177,
123303,Nguyễn Bá A178,
123304,Nguyễn Bá A179,
123305,Nguyễn Bá A180,
123306,Nguyễn Bá A181,
123307,Nguyễn Bá A182,
123308,Nguyễn Bá A183,
123309,Nguyễn Bá A184,
123310,Nguyễn Bá A185,
123311,Nguyễn Bá A186,
123312,Nguyễn Bá A187,
123313,Nguyễn Bá A188,
123314,Nguyễn Bá A189,
123315,Nguyễn Bá A190,
123316,Nguyễn Bá A191,
123317,Nguyễn Bá A192,
123318,Nguyễn Bá A193,
123319,Nguyễn Bá A194,
123320,Nguyễn Bá A195,
123321,Nguyễn Bá A196,
123322,Nguyễn Bá A197,
123323,Nguyễn Bá A198,
123324,Nguyễn Bá A199,
123325,Nguyễn Bá A200,
123326,Nguyễn Bá A201,
123327,Nguyễn Bá A202,
123328,Nguyễn Bá A203,
123329,Nguyễn Bá A204,
123330,Nguyễn Bá A205,
123331,Nguyễn Bá A206,
123332,Nguyễn Bá A207,
123333,Nguyễn Bá A208,
123334,Nguyễn Bá A209,
123335,Nguyễn Bá A210,
123336,Nguyễn Bá A211,
123337,Nguyễn Bá A212,
123338,Nguyễn Bá A213,
123339,Nguyễn Bá A214,
123340,Nguyễn Bá A215,
123341,Nguyễn Bá A216,
123342,Nguyễn Bá A217,
123343,Nguyễn Bá A218,
123344,Nguyễn Bá A219,
123345,Nguyễn Bá A220,
123346,Nguyễn Bá A221,
123347,Nguyễn Bá A222,
123348,Nguyễn Bá A223,
123349,Nguyễn Bá A224,
123350,Nguyễn Bá A225,
123351,Nguyễn Bá A226,
123352,Nguyễn Bá A227,
123353,Nguyễn Bá A228,
123354,Nguyễn Bá A229,
123355,Nguyễn Bá A230,
123356,Nguyễn Bá A231,
123357,Nguyễn Bá A232,
123358,Nguyễn Bá A233,
123359,Nguyễn Bá A234,
123360,Nguyễn Bá A235,
123361,Nguyễn Bá A236,
123362,Nguyễn Bá A237,
123363,Nguyễn Bá A238,
123364,Nguyễn Bá A239,
123365,Nguyễn Bá A240,
123366,Nguyễn Bá A241,
123367,Nguyễn Bá A242,
123368,Nguyễn Bá A243,
123369,Nguyễn Bá A244,
123370,Nguyễn Bá A245,
123371,Nguyễn Bá A246,
123372,Nguyễn Bá A247,
123373,Nguyễn Bá A248,
123374,Nguyễn Bá A249,
123375,Nguyễn Bá A250,
123376,Nguyễn Bá A251,
123377,Nguyễn Bá A252,
123378,Nguyễn Bá A253,
123379,Nguyễn Bá A254,
123380,Nguyễn Bá A255,
123381,Nguyễn Bá A256,
123382,Nguyễn Bá A257,
123383,Nguyễn Bá A258,
123384,Nguyễn Bá A259,
123385,Nguyễn Bá A260,
123386,Nguyễn Bá A261,
123387,Nguyễn Bá A262,
123388,Nguyễn Bá A263,
123389,Nguyễn Bá A264,
123390,Nguyễn Bá A265,
123391,Nguyễn Bá A266,
123392,Nguyễn Bá A267,
123393,Nguyễn Bá A268,
123394,Nguyễn Bá A269,
123395,Nguyễn Bá A270,
123396,Nguyễn Bá A271,
123397,Nguyễn Bá A272,
123398,Nguyễn Bá A273,
123399,Nguyễn Bá A274,
123400,Nguyễn Bá A275,
123401,Nguyễn Bá A276,
123402,Nguyễn Bá A277,
123403,Nguyễn Bá A278,
123404,Nguyễn Bá A279,
123405,Nguyễn Bá A280,
123406,Nguyễn Bá A281,
123407,Nguyễn Bá A282,
123408,Nguyễn Bá A283,
123409,Nguyễn Bá A284,
123410,Nguyễn Bá A285,
123411,Nguyễn Bá A286,
123412,Nguyễn Bá A287,
123413,Nguyễn Bá A288,
123414,Nguyễn Bá A289,
123415,Nguyễn Bá A290,
123416,Nguyễn Bá A291,
123417,Nguyễn Bá A292,
123418,Nguyễn Bá A293,
123419,Nguyễn Bá A294,
123420,Nguyễn Bá A295,
123421,Nguyễn Bá A296,
123422,Nguyễn Bá A297,
123423,Nguyễn Bá A298,
123424,Nguyễn Bá A299,
123425,Nguyễn Bá A300,
123426,Nguyễn Bá A301,
123427,Nguyễn Bá A302,
123428,Nguyễn Bá A303,
123429,Nguyễn Bá A304,
123430,Nguyễn Bá A305,
123431,Nguyễn Bá A306,
123432,Nguyễn Bá A307,
123433,Nguyễn Bá A308,
123434,Nguyễn Bá A309,
123435,Nguyễn Bá A310,
123436,Nguyễn Bá A311,
123437,Nguyễn Bá A312,
123438,Nguyễn Bá A313,
123439,Nguyễn Bá A314,
123440,Nguyễn Bá A315,
123441,Nguyễn Bá A316,
123442,Nguyễn Bá A317,
123443,Nguyễn Bá A318,
123444,Nguyễn Bá A319,
123445,Nguyễn Bá A320,
123446,Nguyễn Bá A321,
123447,Nguyễn Bá A322,
123448,Nguyễn Bá A323,
123449,Nguyễn Bá A324,
123450,Nguyễn Bá A325,
123451,Nguyễn Bá A326,
123452,Nguyễn Bá A327,
123453,Nguyễn Bá A328,
123454,Nguyễn Bá A329,
123455,Nguyễn Bá A330,
123456,Nguyễn Bá A331,
123457,Nguyễn Bá A332,
123458,Nguyễn Bá A333,
123459,Nguyễn Bá A334,
123460,Nguyễn Bá A335,
123461,Nguyễn Bá A336,
123462,Nguyễn Bá A337,
123463,Nguyễn Bá A338,
123464,Nguyễn Bá A339,
123465,Nguyễn Bá A340,
123466,Nguyễn Bá A341,
123467,Nguyễn Bá A342,
123468,Nguyễn Bá A343,
123469,Nguyễn Bá A344,
123470,Nguyễn Bá A345,
123471,Nguyễn Bá A346,
123472,Nguyễn Bá A347,
123473,Nguyễn Bá A348,
123474,Nguyễn Bá A349,
123475,Nguyễn Bá A350,
123476,Nguyễn Bá A351,
123477,Nguyễn Bá A352,
123478,Nguyễn Bá A353,
123479,Nguyễn Bá A354,
123480,Nguyễn Bá A355,
123481,Nguyễn Bá A356,
123482,Nguyễn Bá A357,
123483,Nguyễn Bá A358,
123484,Nguyễn Bá A359,
123485,Nguyễn Bá A360,
123486,Nguyễn Bá A361,
123487,Nguyễn Bá A362,
123488,Nguyễn Bá A363,
123489,Nguyễn Bá A364,
123490,Nguyễn Bá A365,
123491,Nguyễn Bá A366,
123492,Nguyễn Bá A367,
123493,Nguyễn Bá A368,
123494,Nguyễn Bá A369,
123495,Nguyễn Bá A370,
123496,Nguyễn Bá A371,
123497,Nguyễn Bá A372,
123498,Nguyễn Bá A373,
123499,Nguyễn Bá A374,
123500,Nguyễn Bá A375,
123501,Nguyễn Bá A376,
123502,Nguyễn Bá A377,
123503,Nguyễn Bá A378,
123504,Nguyễn Bá A379,
123505,Nguyễn Bá A380,
123506,Nguyễn Bá A381,
123507,Nguyễn Bá A382,
123508,Nguyễn Bá A383,
123509,Nguyễn Bá A384,
123510,Nguyễn Bá A385,
123511,Nguyễn Bá A386,
123512,Nguyễn Bá A387,
123513,Nguyễn Bá A388,
123514,Nguyễn Bá A389,
123515,Nguyễn Bá A390,
123516,Nguyễn Bá A391,
123517,Nguyễn Bá A392,
123518,Nguyễn Bá A393,
123519,Nguyễn Bá A394,
123520,Nguyễn Bá A395,
123521,Nguyễn Bá A396,
123522,Nguyễn Bá A397,
123523,Nguyễn Bá A398,
123524,Nguyễn Bá A399,
123525,Nguyễn Bá A400,
123526,Nguyễn Bá A401,
123527,Nguyễn Bá A402,
123528,Nguyễn Bá A403,
123529,Nguyễn Bá A404,
123530,Nguyễn Bá A405,
123531,Nguyễn Bá A406,
123532,Nguyễn Bá A407,
123533,Nguyễn Bá A408,
123534,Nguyễn Bá A409,
123535,Nguyễn Bá A410,
123536,Nguyễn Bá A411,
123537,Nguyễn Bá A412,
123538,Nguyễn Bá A413,
123539,Nguyễn Bá A414,
123540,Nguyễn Bá A415,
123541,Nguyễn Bá A416,
123542,Nguyễn Bá A417,
123543,Nguyễn Bá A418,
123544,Nguyễn Bá A419,
123545,Nguyễn Bá A420,
123546,Nguyễn Bá A421,
123547,Nguyễn Bá A422,
123548,Nguyễn Bá A423,
123549,Nguyễn Bá A424,
123550,Nguyễn Bá A425,
123551,Nguyễn Bá A426,
123552,Nguyễn Bá A427,
123553,Nguyễn Bá A428,
123554,Nguyễn Bá A429,
123555,Nguyễn Bá A430,
123556,Nguyễn Bá A431,
123557,Nguyễn Bá A432,
123558,Nguyễn Bá A433,
123559,Nguyễn Bá A434,
123560,Nguyễn Bá A435,
123561,Nguyễn Bá A436,
123562,Nguyễn Bá A437,
123563,Nguyễn Bá A438,
123564,Nguyễn Bá A439,
123565,Nguyễn Bá A440,
123566,Nguyễn Bá A441,
123567,Nguyễn Bá A442,
123568,Nguyễn Bá A443,
123569,Nguyễn Bá A444,
123570,Nguyễn Bá A445,
123571,Nguyễn Bá A446,
123572,Nguyễn Bá A447,
123573,Nguyễn Bá A448,
123574,Nguyễn Bá A449,
123575,Nguyễn Bá A450,
123576,Nguyễn Bá A451,
123577,Nguyễn Bá A452,
123578,Nguyễn Bá A453,
123579,Nguyễn Bá A454,
123580,Nguyễn Bá A455,
123581,Nguyễn Bá A456,
123582,Nguyễn Bá A457,
123583,Nguyễn Bá A458,
123584,Nguyễn Bá A459,
123585,Nguyễn Bá A460,
123586,Nguyễn Bá A461,
123587,Nguyễn Bá A462,
123588,Nguyễn Bá A463,
123589,Nguyễn Bá A464,
123590,Nguyễn Bá A465,
123591,Nguyễn Bá A466,
123592,Nguyễn Bá A467,
123593,Nguyễn Bá A468,
123594,Nguyễn Bá A469,
123595,Nguyễn Bá A470,
123596,Nguyễn Bá A471,
123597,Nguyễn Bá A472,
123598,Nguyễn Bá A473,
123599,Nguyễn Bá A474,
123600,Nguyễn Bá A475,
123601,Nguyễn Bá A476,
123602,Nguyễn Bá A477,
123603,Nguyễn Bá A478,
123604,Nguyễn Bá A479,
123605,Nguyễn Bá A480,
123606,Nguyễn Bá A481,
123607,Nguyễn Bá A482,
123608,Nguyễn Bá A483,
123609,Nguyễn Bá A484,
123610,Nguyễn Bá A485,
123611,Nguyễn Bá A486,
123612,Nguyễn Bá A487,
123613,Nguyễn Bá A488,
123614,Nguyễn Bá A489,
123615,Nguyễn Bá A490,
123616,Nguyễn Bá A491,
123617,Nguyễn Bá A492,
123618,Nguyễn Bá A493,
123619,Nguyễn Bá A494,
123620,Nguyễn Bá A495,
123621,Nguyễn Bá A496,
123622,Nguyễn Bá A497,
123623,Nguyễn Bá A498,
123624,Nguyễn Bá A499,
123625,Nguyễn Bá A500,
123626,Nguyễn Bá A501,
123627,Nguyễn Bá A502,
123628,Nguyễn Bá A503,
123629,Nguyễn Bá A504,
123630,Nguyễn Bá A505,
123631,Nguyễn Bá A506,
123632,Nguyễn Bá A507,
123633,Nguyễn Bá A508,
123634,Nguyễn Bá A509,
123635,Nguyễn Bá A510,
123636,Nguyễn Bá A511,
123637,Nguyễn Bá A512,
123638,Nguyễn Bá A513,
123639,Nguyễn Bá A514,
123640,Nguyễn Bá A515,
123641,Nguyễn Bá A516,
123642,Nguyễn Bá A517,
123643,Nguyễn Bá A518,
123644,Nguyễn Bá A519,
123645,Nguyễn Bá A520,
123646,Nguyễn Bá A521,
123647,Nguyễn Bá A522,
123648,Nguyễn Bá A523,
123649,Nguyễn Bá A524,
123650,Nguyễn Bá A525,
123651,Nguyễn Bá A526,
123652,Nguyễn Bá A527,
123653,Nguyễn Bá A528,
123654,Nguyễn Bá A529,
123655,Nguyễn Bá A530,
123656,Nguyễn Bá A531,
123657,Nguyễn Bá A532,
123658,Nguyễn Bá A533,
123659,Nguyễn Bá A534,
123660,Nguyễn Bá A535,
123661,Nguyễn Bá A536,
123662,Nguyễn Bá A537,
123663,Nguyễn Bá A538,
123664,Nguyễn Bá A539,
123665,Nguyễn Bá A540,
123666,Nguyễn Bá A541,
123667,Nguyễn Bá A542,
123668,Nguyễn Bá A543,
123669,Nguyễn Bá A544,
123670,Nguyễn Bá A545,
123671,Nguyễn Bá A546,
123672,Nguyễn Bá A547,
123673,Nguyễn Bá A548,
123674,Nguyễn Bá A549,
123675,Nguyễn Bá A550,
123676,Nguyễn Bá A551,
123677,Nguyễn Bá A552,
123678,Nguyễn Bá A553,
123679,Nguyễn Bá A554,
123680,Nguyễn Bá A555,
123681,Nguyễn Bá A556,
123682,Nguyễn Bá A557,
123683,Nguyễn Bá A558,
123684,Nguyễn Bá A559,
123685,Nguyễn Bá A560,
123686,Nguyễn Bá A561,
123687,Nguyễn Bá A562,
123688,Nguyễn Bá A563,
123689,Nguyễn Bá A564,
123690,Nguyễn Bá A565,
123691,Nguyễn Bá A566,
123692,Nguyễn Bá A567,
123693,Nguyễn Bá A568,
123694,Nguyễn Bá A569,
123695,Nguyễn Bá A570,
123696,Nguyễn Bá A571,
123697,Nguyễn Bá A572,
123698,Nguyễn Bá A573,
123699,Nguyễn Bá A574,
123700,Nguyễn Bá A575,
123701,Nguyễn Bá A576,
123702,Nguyễn Bá A577,
123703,Nguyễn Bá A578,
123704,Nguyễn Bá A579,
123705,Nguyễn Bá A580,
123706,Nguyễn Bá A581,
123707,Nguyễn Bá A582,
123708,Nguyễn Bá A583,
123709,Nguyễn Bá A584,
123710,Nguyễn Bá A585,
123711,Nguyễn Bá A586,
123712,Nguyễn Bá A587,
123713,Nguyễn Bá A588,
123714,Nguyễn Bá A589,
123715,Nguyễn Bá A590,
123716,Nguyễn Bá A591,
123717,Nguyễn Bá A592,
123718,Nguyễn Bá A593,
123719,Nguyễn Bá A594,
123720,Nguyễn Bá A595,
123721,Nguyễn Bá A596,
123722,Nguyễn Bá A597,
123723,Nguyễn Bá A598,
123724,Nguyễn Bá A599,
123725,Nguyễn Bá A600,
123726,Nguyễn Bá A601,
123727,Nguyễn Bá A602,
123728,Nguyễn Bá A603,
123729,Nguyễn Bá A604,
123730,Nguyễn Bá A605,
123731,Nguyễn Bá A606,
123732,Nguyễn Bá A607,
123733,Nguyễn Bá A608,
123734,Nguyễn Bá A609,
123735,Nguyễn Bá A610,
123736,Nguyễn Bá A611,
123737,Nguyễn Bá A612,
123738,Nguyễn Bá A613,
123739,Nguyễn Bá A614,
123740,Nguyễn Bá A615,
123741,Nguyễn Bá A616,
123742,Nguyễn Bá A617,
123743,Nguyễn Bá A618,
123744,Nguyễn Bá A619,
123745,Nguyễn Bá A620,
123746,Nguyễn Bá A621,
123747,Nguyễn Bá A622,
123748,Nguyễn Bá A623,
123749,Nguyễn Bá A624,
123750,Nguyễn Bá A625,
123751,Nguyễn Bá A626,
123752,Nguyễn Bá A627,
123753,Nguyễn Bá A628,
123754,Nguyễn Bá A629,
123755,Nguyễn Bá A630,
123756,Nguyễn Bá A631,
123757,Nguyễn Bá A632,
123758,Nguyễn Bá A633,
123759,Nguyễn Bá A634,
123760,Nguyễn Bá A635,
123761,Nguyễn Bá A636,
123762,Nguyễn Bá A637,
123763,Nguyễn Bá A638,
123764,Nguyễn Bá A639,
123765,Nguyễn Bá A640,
123766,Nguyễn Bá A641,
123767,Nguyễn Bá A642,
123768,Nguyễn Bá A643,
123769,Nguyễn Bá A644,
123770,Nguyễn Bá A645,
123771,Nguyễn Bá A646,
123772,Nguyễn Bá A647,
123773,Nguyễn Bá A648,
123774,Nguyễn Bá A649,
123775,Nguyễn Bá A650,
123776,Nguyễn Bá A651,
123777,Nguyễn Bá A652,
123778,Nguyễn Bá A653,
123779,Nguyễn Bá A654,
123780,Nguyễn Bá A655,
123781,Nguyễn Bá A656,
123782,Nguyễn Bá A657,
123783,Nguyễn Bá A658,
123784,Nguyễn Bá A659,
123785,Nguyễn Bá A660,
123786,Nguyễn Bá A661,
123787,Nguyễn Bá A662,
123788,Nguyễn Bá A663,
123789,Nguyễn Bá A664,
123790,Nguyễn Bá A665,
123791,Nguyễn Bá A666,
123792,Nguyễn Bá A667,
123793,Nguyễn Bá A668,
123794,Nguyễn Bá A669,
123795,Nguyễn Bá A670,
123796,Nguyễn Bá A671,
123797,Nguyễn Bá A672,
123798,Nguyễn Bá A673,
123799,Nguyễn Bá A674,
123800,Nguyễn Bá A675,
123801,Nguyễn Bá A676,
123802,Nguyễn Bá A677,
123803,Nguyễn Bá A678,
123804,Nguyễn Bá A679,
123805,Nguyễn Bá A680,
123806,Nguyễn Bá A681,
123807,Nguyễn Bá A682,
123808,Nguyễn Bá A683,
123809,Nguyễn Bá A684,
123810,Nguyễn Bá A685,
123811,Nguyễn Bá A686,
123812,Nguyễn Bá A687,
123813,Nguyễn Bá A688,
123814,Nguyễn Bá A689,
123815,Nguyễn Bá A690,
123816,Nguyễn Bá A691,
123817,Nguyễn Bá A692,
123818,Nguyễn Bá A693,
123819,Nguyễn Bá A694,
123820,Nguyễn Bá A695,
123821,Nguyễn Bá A696,
123822,Nguyễn Bá A697,
123823,Nguyễn Bá A698,
123824,Nguyễn Bá A699,
123825,Nguyễn Bá A700,
123826,Nguyễn Bá A701,
123827,Nguyễn Bá A702,
123828,Nguyễn Bá A703,
123829,Nguyễn Bá A704,
123830,Nguyễn Bá A705,
123831,Nguyễn Bá A706,
123832,Nguyễn Bá A707,
123833,Nguyễn Bá A708,
123834,Nguyễn Bá A709,
123835,Nguyễn Bá A710,
123836,Nguyễn Bá A711,
123837,Nguyễn Bá A712,
123838,Nguyễn Bá A713,
123839,Nguyễn Bá A714,
123840,Nguyễn Bá A715,
123841,Nguyễn Bá A716,
123842,Nguyễn Bá A717,
123843,Nguyễn Bá A718,
123844,Nguyễn Bá A719,
123845,Nguyễn Bá A720,
123846,Nguyễn Bá A721,
123847,Nguyễn Bá A722,
123848,Nguyễn Bá A723,
123849,Nguyễn Bá A724,
123850,Nguyễn Bá A725,
123851,Nguyễn Bá A726,
123852,Nguyễn Bá A727,
123853,Nguyễn Bá A728,
123854,Nguyễn Bá A729,
123855,Nguyễn Bá A730,
123856,Nguyễn Bá A731,
123857,Nguyễn Bá A732,
123858,Nguyễn Bá A733,
123859,Nguyễn Bá A734,
123860,Nguyễn Bá A735,
123861,Nguyễn Bá A736,
123862,Nguyễn Bá A737,
123863,Nguyễn Bá A738,
123864,Nguyễn Bá A739,
123865,Nguyễn Bá A740,
123866,Nguyễn Bá A741,
123867,Nguyễn Bá A742,
123868,Nguyễn Bá A743,
123869,Nguyễn Bá A744,
123870,Nguyễn Bá A745,
123871,Nguyễn Bá A746,
123872,Nguyễn Bá A747,
123873,Nguyễn Bá A748,
123874,Nguyễn Bá A749,
123875,Nguyễn Bá A750,
123876,Nguyễn Bá A751,
123877,Nguyễn Bá A752,
123878,Nguyễn Bá A753,
123879,Nguyễn Bá A754,
123880,Nguyễn Bá A755,
123881,Nguyễn Bá A756,
123882,Nguyễn Bá A757,
123883,Nguyễn Bá A758,
123884,Nguyễn Bá A759,
123885,Nguyễn Bá A760,
123886,Nguyễn Bá A761,
123887,Nguyễn Bá A762,
123888,Nguyễn Bá A763,
123889,Nguyễn Bá A764,
123890,Nguyễn Bá A765,
123891,Nguyễn Bá A766,
123892,Nguyễn Bá A767,
123893,Nguyễn Bá A768,
123894,Nguyễn Bá A769,
123895,Nguyễn Bá A770,
123896,Nguyễn Bá A771,
123897,Nguyễn Bá A772,
123898,Nguyễn Bá A773,
123899,Nguyễn Bá A774,
123900,Nguyễn Bá A775,
123901,Nguyễn Bá A776,
123902,Nguyễn Bá A777,
123903,Nguyễn Bá A778,
123904,Nguyễn Bá A779,
123905,Nguyễn Bá A780,
123906,Nguyễn Bá A781,
123907,Nguyễn Bá A782,
123908,Nguyễn Bá A783,
123909,Nguyễn Bá A784,
123910,Nguyễn Bá A785,
123911,Nguyễn Bá A786,
123912,Nguyễn Bá A787,
123913,Nguyễn Bá A788,
123914,Nguyễn Bá A789,
123915,Nguyễn Bá A790,
123916,Nguyễn Bá A791,
123917,Nguyễn Bá A792,
123918,Nguyễn Bá A793,
123919,Nguyễn Bá A794,
123920,Nguyễn Bá A795,
123921,Nguyễn Bá A796,
123922,Nguyễn Bá A797,
123923,Nguyễn Bá A798,
123924,Nguyễn Bá A799,
123925,Nguyễn Bá A800,
123926,Nguyễn Bá A801,
123927,Nguyễn Bá A802,
123928,Nguyễn Bá A803,
123929,Nguyễn Bá A804,
123930,Nguyễn Bá A805,
123931,Nguyễn Bá A806,
123932,Nguyễn Bá A807,
123933,Nguyễn Bá A808,
123934,Nguyễn Bá A809,
123935,Nguyễn Bá A810,
123936,Nguyễn Bá A811,
123937,Nguyễn Bá A812,
123938,Nguyễn Bá A813,
123939,Nguyễn Bá A814,
123940,Nguyễn Bá A815,
123941,Nguyễn Bá A816,
123942,Nguyễn Bá A817,
123943,Nguyễn Bá A818,
123944,Nguyễn Bá A819,
123945,Nguyễn Bá A820,
123946,Nguyễn Bá A821,
123947,Nguyễn Bá A822,
123948,Nguyễn Bá A823,
123949,Nguyễn Bá A824,
123950,Nguyễn Bá A825,
123951,Nguyễn Bá A826,
123952,Nguyễn Bá A827,
123953,Nguyễn Bá A828,
123954,Nguyễn Bá A829,
123955,Nguyễn Bá A830,
123956,Nguyễn Bá A831,
123957,Nguyễn Bá A832,
123958,Nguyễn Bá A833,
123959,Nguyễn Bá A834,
123960,Nguyễn Bá A835,
123961,Nguyễn Bá A836,
123962,Nguyễn Bá A837,
123963,Nguyễn Bá A838,
123964,Nguyễn Bá A839,
123965,Nguyễn Bá A840,
123966,Nguyễn Bá A841,
123967,Nguyễn Bá A842,
123968,Nguyễn Bá A843,
123969,Nguyễn Bá A844,
123970,Nguyễn Bá A845,
123971,Nguyễn Bá A846,
123972,Nguyễn Bá A847,
123973,Nguyễn Bá A848,
123974,Nguyễn Bá A849,
123975,Nguyễn Bá A850,
123976,Nguyễn Bá A851,
123977,Nguyễn Bá A852,
123978,Nguyễn Bá A853,
123979,Nguyễn Bá A854,
123980,Nguyễn Bá A855,
123981,Nguyễn Bá A856,
123982,Nguyễn Bá A857,
123983,Nguyễn Bá A858,
123984,Nguyễn Bá A859,
123985,Nguyễn Bá A860,
123986,Nguyễn Bá A861,
123987,Nguyễn Bá A862,
123988,Nguyễn Bá A863,
123989,Nguyễn Bá A864,
123990,Nguyễn Bá A865,
123991,Nguyễn Bá A866,
123992,Nguyễn Bá A867,
123993,Nguyễn Bá A868,
123994,Nguyễn Bá A869,
123995,Nguyễn Bá A870,
123996,Nguyễn Bá A871,
123997,Nguyễn Bá A872,
123998,Nguyễn Bá A873,
123999,Nguyễn Bá A874,
124000,Nguyễn Bá A875,
124001,Nguyễn Bá A876,
124002,Nguyễn Bá A877,
124003,Nguyễn Bá A878,
124004,Nguyễn Bá A879,
124005,Nguyễn Bá A880,
124006,Nguyễn Bá A881,
124007,Nguyễn Bá A882,
124008,Nguyễn Bá A883,
124009,Nguyễn Bá A884,
124010,Nguyễn Bá A885,
124011,Nguyễn Bá A886,
124012,Nguyễn Bá A887,
124013,Nguyễn Bá A888,
124014,Nguyễn Bá A889,
124015,Nguyễn Bá A890,
124016,Nguyễn Bá A891,
124017,Nguyễn Bá A892,
124018,Nguyễn Bá A893,
124019,Nguyễn Bá A894,
124020,Nguyễn Bá A895,
124021,Nguyễn Bá A896,
124022,Nguyễn Bá A897,
124023,Nguyễn Bá A898,
124024,Nguyễn Bá A899,
124025,Nguyễn Bá A900,
124026,Nguyễn Bá A901,
124027,Nguyễn Bá A902,
124028,Nguyễn Bá A903,
124029,Nguyễn Bá A904,
124030,Nguyễn Bá A905,
124031,Nguyễn Bá A906,
124032,Nguyễn Bá A907,
124033,Nguyễn Bá A908,
124034,Nguyễn Bá A909,
124035,Nguyễn Bá A910,
124036,Nguyễn Bá A911,
124037,Nguyễn Bá A912,
124038,Nguyễn Bá A913,
124039,Nguyễn Bá A914,
124040,Nguyễn Bá A915,
124041,Nguyễn Bá A916,
124042,Nguyễn Bá A917,
124043,Nguyễn Bá A918,
124044,Nguyễn Bá A919,
124045,Nguyễn Bá A920,
124046,Nguyễn Bá A921,
124047,Nguyễn Bá A922,
124048,Nguyễn Bá A923,
124049,Nguyễn Bá A924,
124050,Nguyễn Bá A925,
124051,Nguyễn Bá A926,
124052,Nguyễn Bá A927,
124053,Nguyễn Bá A928,
124054,Nguyễn Bá A929,
124055,Nguyễn Bá A930,
124056,Nguyễn Bá A931,
124057,Nguyễn Bá A932,
124058,Nguyễn Bá A933,
124059,Nguyễn Bá A934,
124060,Nguyễn Bá A935,
124061,Nguyễn Bá A936,
124062,Nguyễn Bá A937,
124063,Nguyễn Bá A938,
124064,Nguyễn Bá A939,
124065,Nguyễn Bá A940,
124066,Nguyễn Bá A941,
124067,Nguyễn Bá A942,
124068,Nguyễn Bá A943,
124069,Nguyễn Bá A944,
124070,Nguyễn Bá A945,
124071,Nguyễn Bá A946,
124072,Nguyễn Bá A947,
124073,Nguyễn Bá A948,
124074,Nguyễn Bá A949,
124075,Nguyễn Bá A950,
124076,Nguyễn Bá A951,
124077,Nguyễn Bá A952,
124078,Nguyễn Bá A953,
124079,Nguyễn Bá A954,
124080,Nguyễn Bá A955,
124081,Nguyễn Bá A956,
124082,Nguyễn Bá A957,
124083,Nguyễn Bá A958,
124084,Nguyễn Bá A959,
124085,Nguyễn Bá A960,
124086,Nguyễn Bá A961,
124087,Nguyễn Bá A962,
124088,Nguyễn Bá A963,
124089,Nguyễn Bá A964,
124090,Nguyễn Bá A965,
124091,Nguyễn Bá A966,
124092,Nguyễn Bá A967,
124093,Nguyễn Bá A968,
124094,Nguyễn Bá A969,
124095,Nguyễn Bá A970,
124096,Nguyễn Bá A971,
124097,Nguyễn Bá A972,
124098,Nguyễn Bá A973,
124099,Nguyễn Bá A974,
124100,Nguyễn Bá A975,
124101,Nguyễn Bá A976,
124102,Nguyễn Bá A977,
124103,Nguyễn Bá A978,
124104,Nguyễn Bá A979,
124105,Nguyễn Bá A980,
124106,Nguyễn Bá A981,
124107,Nguyễn Bá A982,
124108,Nguyễn Bá A983,
124109,Nguyễn Bá A984,
124110,Nguyễn Bá A985,